category,total_revenue,avg_order_value,num_orders
Accessories,997552.63,22671.65068181818,44
Electronics,925174.3200000001,23722.418461538462,39
Furniture,308360.24,17131.124444444446,18
Networking,180849.19,16440.835454545453,11
Stationery,191453.24,23931.655,8
Storage,382784.76,27341.768571428573,14
Wearables,181600.16999999998,22700.021249999998,8
