region,num_customers,num_orders,total_revenue,avg_revenue_per_customer
Central,14,18,424361.38,30311.527142857143
East,19,26,576100.255,30321.06605263158
North,26,39,829327.515,31897.212115384616
South,17,21,497159.195,29244.658529411765
Unknown,8,12,286272.91500000004,35784.114375000005
West,18,23,508797.5,28266.527777777777
